state,http_status,kind,url,error,discovered_from
missing,404,page,http://www.actionbutton.net/?attachment_id=498,HTTP 404,http://www.actionbutton.net/?p=497
missing,404,page,http://www.actionbutton.net/?p=1054,HTTP 404,http://www.actionbutton.net/?page_id=175
missing,404,page,http://www.actionbutton.net/?p=2488,HTTP 404,http://www.actionbutton.net/?page_id=175
missing,404,page,http://www.actionbutton.net/?p=2838,HTTP 404,http://www.actionbutton.net/?page_id=175
missing,404,page,http://www.actionbutton.net/?p=3187,HTTP 404,http://www.actionbutton.net/?page_id=175
missing,404,page,http://www.actionbutton.net/?p=3284,HTTP 404,http://www.actionbutton.net/?page_id=175
missing,404,asset,http://www.actionbutton.net/podcasts/abnet00.mp3,HTTP 404,http://www.actionbutton.net/podcasts
missing,404,asset,http://www.actionbutton.net/podcasts/abnet01.mp3,HTTP 404,http://www.actionbutton.net/podcasts
missing,404,asset,http://www.actionbutton.net/podcasts/abnet02.mp3,HTTP 404,http://www.actionbutton.net/podcasts
missing,404,asset,http://www.actionbutton.net/podcasts/abnet03.mp3,HTTP 404,http://www.actionbutton.net/podcasts
missing,404,asset,http://www.actionbutton.net/podcasts/abnet04.mp3,HTTP 404,http://www.actionbutton.net/podcasts
missing,404,asset,http://www.actionbutton.net/podcasts/abnet05.mp3,HTTP 404,http://www.actionbutton.net/podcasts
missing,404,asset,http://www.actionbutton.net/podcasts/abnet06.mp3,HTTP 404,http://www.actionbutton.net/podcasts
missing,404,asset,http://www.actionbutton.net/podcasts/abnet07.mp3,HTTP 404,http://www.actionbutton.net/podcasts
missing,404,asset,http://www.actionbutton.net/podcasts/abnet08.mp3,HTTP 404,http://www.actionbutton.net/podcasts
missing,404,asset,http://www.actionbutton.net/podcasts/abnet09.mp3,HTTP 404,http://www.actionbutton.net/podcasts
missing,404,asset,http://www.actionbutton.net/podcasts/abnet10.mp3,HTTP 404,http://www.actionbutton.net/podcasts
missing,404,asset,http://www.actionbutton.net/podcasts/abnet11.mp3,HTTP 404,http://www.actionbutton.net/podcasts
missing,404,asset,http://www.actionbutton.net/podcasts/abnet12.mp3,HTTP 404,http://www.actionbutton.net/podcasts
missing,404,asset,http://www.actionbutton.net/podcasts/abnet13.mp3,HTTP 404,http://www.actionbutton.net/podcasts
missing,404,asset,http://www.actionbutton.net/starfield.js,HTTP 404,http://www.actionbutton.net/llc
missing,404,css,http://www.actionbutton.net/style.css,HTTP 404,http://www.actionbutton.net/llc
missing,404,page,http://www.actionbutton.net/wp/?paged=2,HTTP 404,http://www.actionbutton.net/wp
missing,404,asset,http://www.actionbutton.net/wp/wp-content/plugins/better-wp-security/modules/free/strong-passwords/js/strong-passwords.js,HTTP 404,http://www.actionbutton.net/wp/wp-login.php?action=lostpassword
missing,200,page,http://www.actionbutton.net/wp/wp-content/uploads/2008/11/[gametitle].GIF,Original page contains an unrecoverable placeholder image URL,http://www.actionbutton.net/?p=321
missing,404,asset,http://www.actionbutton.net/wp/wp-includes/fonts/dashicons.eot?99ac726223c749443b642ce33df8b800=,HTTP 404,http://www.actionbutton.net/wp/wp-includes/css/dashicons.min.css
missing,404,asset,http://www.actionbutton.net/wp/wp-includes/fonts/dashicons.ttf?99ac726223c749443b642ce33df8b800=,HTTP 404,http://www.actionbutton.net/wp/wp-includes/css/dashicons.min.css
